GeoID,County,Area,Percentage_in_Poverty ,Poverty_Category_Code,Number_of_Cases,Population_Size,Percent,ACS_Population,White,Black,AIAN,Hispanic,ASIAN,Other,Percent_ACS_Population,Percent_White,Percent_Black,Percent_AIAN,Percent_Hispanic,Percent_Asian,Other_Percent
35001000107,Bernalillo,East Gateway,0.04,1,15,"2,737",0.00548045,2442,1784,76,126,453,3,0,81.45,73.05,3.11,5.16,18.55,0.12,0
35001000108,Bernalillo,Comanche Juan Tabo,0.07,2,43,"2,694",0.0159614,3216,1877,69,373,803,0,94,75.03,58.36,2.15,11.6,24.97,0,2.93
35001000109,Bernalillo,Comanche Juan Tabo,0.08,2,36,"2,568",0.01401869,2386,1560,63,185,532,14,32,77.7,65.38,2.64,7.75,22.3,0.59,1.35
35001000110,Bernalillo,Comanche Juan Tabo,0.23,4,63,"3,601",0.01749514,4003,2381,26,135,1340,10,111,66.53,59.48,0.65,3.37,33.47,0.25,2.77
35001000111,Bernalillo,Comanche Juan Tabo,0.05,1,32,"2,823",0.01133546,2966,1789,108,0,817,124,128,72.45,60.32,3.64,0,27.55,4.18,4.32
35001000112,Bernalillo,East Gateway,0.1,3,24,"2,095",0.01145585,1992,1425,45,0,483,20,19,75.75,71.54,2.26,0,24.25,1,0.95
35001000113,Bernalillo,Comanche Juan Tabo,0.2,4,25,"3,216",0.00777363,3660,2179,127,164,1067,28,95,70.85,59.54,3.47,4.48,29.15,0.77,2.6
35001000114,Bernalillo,Comanche Juan Tabo,0.2,3,48,"3,239",0.01481939,3020,1349,143,35,1385,55,53,54.14,44.67,4.74,1.16,45.86,1.82,1.76
35001000115,Bernalillo,Indian School Juan Tabo,0.23,4,46,"3,334",0.01379724,3406,1603,173,405,1142,30,53,66.47,47.06,5.08,11.89,33.53,0.88,1.55
35001000116,Bernalillo,Indian School Juan Tabo,0.05,2,32,"2,938",0.01089176,2881,1957,30,40,806,26,22,72.02,67.93,1.04,1.39,27.98,0.9,0.76
35001000117,Bernalillo,Montgomery Moon,0.16,3,31,"2,334",0.01328192,2547,1448,14,77,940,33,35,63.09,56.85,0.55,3.02,36.91,1.3,1.37
35001000118,Bernalillo,Montgomery Louisiana,0.12,3,41,"2,887",0.01420159,2313,1311,76,136,790,0,0,65.85,56.68,3.29,5.88,34.15,0,0
35001000119,Bernalillo,Montgomery Louisiana,0.08,2,17,"1,823",0.00932529,1887,1156,91,9,603,22,6,68.04,61.26,4.82,0.48,31.96,1.17,0.32
35001000120,Bernalillo,Montgomery Moon,0.26,4,47,"2,737",0.01717209,2991,1308,68,196,1271,113,35,57.51,43.73,2.27,6.55,42.49,3.78,1.17
35001000121,Bernalillo,Indian School Pennsylvania,0.16,3,113,"5,721",0.01975179,5489,3015,498,105,1449,172,250,73.6,54.93,9.07,1.91,26.4,3.13,4.55
35001000122,Bernalillo,Indian School Pennsylvania,0.13,3,57,"4,046",0.01408799,4535,2476,55,23,1715,199,67,62.18,54.6,1.21,0.51,37.82,4.39,1.48
35001000123,Bernalillo,Indian School Pennsylvania,0.11,3,79,"5,104",0.01547806,4403,2114,324,132,1747,23,63,60.32,48.01,7.36,3,39.68,0.52,1.43
35001000124,Bernalillo,Indian School Pennsylvania,0.16,3,90,"3,647",0.02467782,3956,1641,229,299,1618,7,162,59.1,41.48,5.79,7.56,40.9,0.18,4.1
35001000125,Bernalillo,East Gateway,0.04,1,43,"4,255",0.01010576,3841,2373,53,54,1031,273,57,73.16,61.78,1.38,1.41,26.84,7.11,1.48
35001000126,Bernalillo,Indian School Juan Tabo,0.13,3,32,"2,900",0.01103448,2531,1530,40,160,705,32,64,72.15,60.45,1.58,6.32,27.85,1.26,2.53
35001000127,Bernalillo,Indian School Juan Tabo,0.12,3,52,"2,839",0.01831631,2871,1549,1,279,950,13,79,66.91,53.95,0.03,9.72,33.09,0.45,2.76
35001000128,Bernalillo,Indian School Juan Tabo,0.26,4,44,"3,278",0.01342282,3432,1600,192,293,1095,164,88,68.09,46.62,5.59,8.54,31.91,4.78,2.56
35001000129,Bernalillo,Indian School Juan Tabo,0.16,3,68,"4,744",0.0143339,4067,1980,99,124,1495,262,107,63.24,48.68,2.43,3.05,36.76,6.44,2.63
35001000203,Bernalillo,Montgomery Louisiana,0.27,4,41,"1,988",0.02062374,1791,1026,39,124,553,22,27,69.12,57.29,2.18,6.92,30.88,1.23,1.51
35001000204,Bernalillo,Comanche Carlysle,0.11,3,52,"3,314",0.01569101,3013,1361,83,52,1389,68,60,53.9,45.17,2.75,1.73,46.1,2.26,1.99
35001000205,Bernalillo,Comanche Carlysle,0.22,4,65,"3,302",0.01968504,3355,1130,61,270,1790,51,53,46.65,33.68,1.82,8.05,53.35,1.52,1.58
35001000206,Bernalillo,Montgomery Louisiana,0.08,2,55,"2,994",0.01837007,2850,1457,112,40,1189,35,17,58.28,51.12,3.93,1.4,41.72,1.23,0.6
35001000207,Bernalillo,Indian School Pennsylvania,0.14,3,67,"3,407",0.0196654,2791,1390,65,19,1194,67,56,57.22,49.8,2.33,0.68,42.78,2.4,2.01
35001000208,Bernalillo,Comanche Carlysle,0.24,4,63,"2,796",0.02253219,3013,844,11,217,1898,0,43,37.01,28.01,0.37,7.2,62.99,0,1.43
35001000300,Bernalillo,Lomas Girard,0.18,3,69,"6,006",0.01148851,5882,3806,89,194,1414,164,215,75.96,64.71,1.51,3.3,24.04,2.79,3.66
35001000401,Bernalillo,Lomas San Mateo,0.13,3,56,"4,430",0.01264108,4285,2456,0,148,1194,376,111,72.14,57.32,0,3.45,27.86,8.77,2.59
35001000402,Bernalillo,Lomas San Mateo,0.12,3,38,"3,450",0.01101449,3565,2327,35,3,947,128,125,73.44,65.27,0.98,0.08,26.56,3.59,3.51
35001000501,Bernalillo,Lomas San Mateo,0.32,5,104,"2,613",0.039801,3080,1045,82,324,1521,33,75,50.62,33.93,2.66,10.52,49.38,1.07,2.44
35001000502,Bernalillo,Lomas San Mateo,0.26,4,76,"4,734",0.01605408,4747,2845,115,210,1224,101,252,74.22,59.93,2.42,4.42,25.78,2.13,5.31
35001000601,Bernalillo,Indian School Pennsylvania,0.17,3,86,"3,857",0.02229712,4009,1996,39,109,1667,132,66,58.42,49.79,0.97,2.72,41.58,3.29,1.65
35001000603,Bernalillo,Central Penn,0.47,6,203,"5,380",0.03773234,4638,895,229,444,3048,22,0,34.28,19.3,4.94,9.57,65.72,0.47,0
35001000604,Bernalillo,,0.26,4,309,"4,371",0.07069321,3885,919,92,245,2452,59,118,36.89,23.66,2.37,6.31,63.11,1.52,3.04
35001000704,Bernalillo,Central Tabo,0.17,3,73,"3,769",0.01936853,3362,1568,45,85,1574,64,26,53.18,46.64,1.34,2.53,46.82,1.9,0.77
35001000707,Bernalillo,Central Tabo,0.32,5,242,"6,326",0.03825482,6374,1419,198,106,4557,0,94,28.51,22.26,3.11,1.66,71.49,0,1.48
35001000708,Bernalillo,Central Tabo,0.25,4,193,"6,247",0.03089483,6327,2432,405,236,2942,82,230,53.5,38.44,6.4,3.73,46.5,1.3,3.64
35001000710,Bernalillo,East Gateway,0.07,2,91,"6,041",0.01506373,7403,3863,243,0,2588,487,222,65.04,52.18,3.28,0,34.96,6.58,3
35001000711,Bernalillo,East Gateway,0.17,3,52,"4,491",0.01157871,4793,2864,99,241,1387,85,117,71.06,59.75,2.07,5.03,28.94,1.77,2.44
35001000712,Bernalillo,Central Tabo,0.16,3,86,"4,329",0.01986602,4187,2017,129,355,1549,54,83,63,48.17,3.08,8.48,37,1.29,1.98
35001000713,Bernalillo,Central Tabo,0.36,5,133,"6,162",0.0215839,5649,2089,231,604,2110,84,531,62.65,36.98,4.09,10.69,37.35,1.49,9.4
35001000714,Bernalillo,Central Tabo,0.08,2,122,"4,784",0.02550167,5002,1690,112,617,1508,883,192,69.85,33.79,2.24,12.34,30.15,17.65,3.84
35001000801,Military Bases,,0.04,1,42,"4,125",0.01018182,4015,2801,292,8,550,85,279,86.3,69.76,7.27,0.2,13.7,2.12,6.95
35001000901,Bernalillo,Central Penn,0.52,6,279,"7,787",0.03582895,7198,1269,230,837,4623,68,171,35.77,17.63,3.2,11.63,64.23,0.94,2.37
35001000903,Bernalillo,Central Penn,0.44,6,140,"6,165",0.02270884,5540,1944,413,881,2166,61,75,60.9,35.09,7.45,15.9,39.1,1.1,1.35
35001000904,Bernalillo,Central Penn,0.27,4,100,"4,380",0.02283105,4287,1509,83,106,2369,132,88,44.74,35.2,1.94,2.47,55.26,3.08,2.06
35001001101,Bernalillo,Lomas San Mateo,0.13,3,58,"5,186",0.01118396,4571,2448,73,89,1660,143,158,63.68,53.56,1.6,1.95,36.32,3.13,3.45
35001001102,Bernalillo,Gibson University,0.27,4,51,"3,210",0.01588785,3024,1348,160,98,1394,11,13,53.9,44.58,5.29,3.24,46.1,0.36,0.43
35001001200,Bernalillo,Gibson University,0.3,5,301,"7,414",0.04059887,6909,1735,595,252,3730,398,199,46.01,25.11,8.61,3.65,53.99,5.76,2.88
35001001300,Bernalillo,Rio Bravo Second,0.35,5,151,"4,742",0.0318431,4068,194,94,220,3490,0,70,14.21,4.77,2.31,5.41,85.79,0,1.72
35001001400,Bernalillo,Lomas Broadway,0.35,5,74,"3,223",0.02295998,2790,435,117,44,2156,0,38,22.72,15.59,4.19,1.58,77.28,0,1.36
35001001500,Bernalillo,Lomas Broadway,0.23,4,61,"2,708",0.02252585,2124,816,46,7,1155,72,28,45.62,38.42,2.17,0.33,54.38,3.39,1.32
35001001600,Bernalillo,Gibson University,0.31,5,34,"2,571",0.01322443,2447,1108,30,228,773,138,170,68.41,45.28,1.23,9.32,31.59,5.64,6.94
35001001700,Bernalillo,Lomas Girard,0.29,4,42,"5,011",0.00838156,4494,3155,0,68,1084,80,107,75.88,70.2,0,1.51,24.12,1.78,2.38
35001001800,Bernalillo,Lomas Girard,0.46,6,35,"2,897",0.01208146,2070,771,52,150,797,197,103,61.5,37.25,2.51,7.25,38.5,9.52,4.97
35001001900,Bernalillo,Lomas Girard,0.12,3,13,"1,052",0.01235741,982,575,34,37,276,33,27,71.89,58.55,3.46,3.77,28.11,3.36,2.75
35001002000,Bernalillo,Lomas Broadway,0.38,5,60,"2,348",0.02555366,2272,561,32,177,1321,120,61,41.86,24.69,1.41,7.79,58.14,5.28,2.68
35001002100,Bernalillo,Lomas Broadway,0.39,5,52,"1,864",0.027897,1468,480,106,136,701,8,37,52.25,32.7,7.22,9.26,47.75,0.54,2.52
35001002200,Bernalillo,Lomas Broadway,0.18,3,49,"3,304",0.01483051,3068,1382,54,180,1257,53,142,59.03,45.05,1.76,5.87,40.97,1.73,4.63
35001002300,Bernalillo,Central Coors,0.25,4,297,"9,085",0.03269125,9017,750,21,16,8211,0,19,8.94,8.32,0.23,0.18,91.06,0,0.21
35001002401,Bernalillo,Central Coors,0.15,3,167,"5,341",0.03126755,5270,788,108,91,4216,7,60,20,14.95,2.05,1.73,80,0.13,1.14
35001002402,Bernalillo,Central Coors,0.37,5,298,"8,479",0.03514565,7739,407,286,391,6570,0,85,15.11,5.26,3.7,5.05,84.89,0,1.1
35001002500,Bernalillo,Lomas Broadway,0.36,5,58,"2,419",0.02397685,3020,806,66,0,2121,13,14,29.77,26.69,2.19,0,70.23,0.43,0.46
35001002600,Bernalillo,Lomas Broadway,0.24,4,17,"1,039",0.01636189,1047,431,7,60,536,0,13,48.81,41.17,0.67,5.73,51.19,0,1.24
35001002700,Bernalillo,Lomas Broadway,0.23,4,101,"3,645",0.02770919,4160,1483,56,124,2423,11,63,41.75,35.65,1.35,2.98,58.25,0.26,1.51
35001002900,Bernalillo,Candelaria Second,0.2,4,148,"4,038",0.03665181,4380,1298,33,234,2773,33,9,36.69,29.63,0.75,5.34,63.31,0.75,0.21
35001003001,Bernalillo,Candelaria Second,0.19,3,64,"4,951",0.01292668,5008,1609,9,96,3219,0,75,35.72,32.13,0.18,1.92,64.28,0,1.5
35001003002,Bernalillo,Montano Rio Grande,0.18,3,45,"4,161",0.01081471,4391,1634,28,14,2657,22,36,39.49,37.21,0.64,0.32,60.51,0.5,0.82
35001003100,Bernalillo,Montano Rio Grande,0.12,3,33,"2,913",0.01132853,2699,1705,0,47,920,13,14,65.91,63.17,0,1.74,34.09,0.48,0.52
35001003201,Bernalillo,Candelaria Second,0.19,3,57,"2,941",0.01938116,2603,679,35,16,1798,41,34,30.93,26.09,1.34,0.61,69.07,1.58,1.31
35001003202,Bernalillo,Candelaria Second,0.2,4,111,"5,478",0.02026287,5043,1046,0,197,3689,12,99,26.85,20.74,0,3.91,73.15,0.24,1.97
35001003400,Bernalillo,Comanche Carlysle,0.41,6,243,"4,670",0.05203426,4343,981,239,394,2701,6,22,37.81,22.59,5.5,9.07,62.19,0.14,0.5
35001003501,Bernalillo,Alameda Edith,0.13,3,97,"5,669",0.0171106,6153,2047,57,11,3832,0,206,37.72,33.27,0.93,0.18,62.28,0,3.35
35001003502,Bernalillo,Montano Rio Grande,0.09,2,59,"5,244",0.01125095,5195,3110,2,0,1928,13,142,62.89,59.87,0.04,0,37.11,0.25,2.74
35001003600,Bernalillo,Alameda Edith,0.11,3,132,"6,206",0.02126974,6839,2614,0,0,4056,169,0,40.69,38.22,0,0,59.31,2.47,0
35001003707,Bernalillo,Montgomery Louisiana,0.13,3,92,"5,087",0.01808532,4416,2551,0,126,1532,0,207,65.31,57.77,0,2.85,34.69,0,4.69
35001003712,Bernalillo,Paseo Ventura,0.17,3,129,"5,084",0.02537372,5254,2602,62,22,2085,331,152,60.32,49.52,1.18,0.42,39.68,6.3,2.89
35001003714,Bernalillo,Montgomery Louisiana,0.22,4,126,"7,176",0.01755853,7500,2700,296,620,3361,228,295,55.19,36,3.95,8.27,44.81,3.04,3.94
35001003715,Bernalillo,Paseo Ventura,0.04,1,73,"4,244",0.01720075,3919,2601,59,10,1054,180,15,73.11,66.37,1.51,0.26,26.89,4.59,0.38
35001003717,Bernalillo,Montgomery Moon,0.11,3,80,"5,415",0.01477378,5327,3075,35,277,1584,288,68,70.26,57.72,0.66,5.2,29.74,5.41,1.28
35001003718,Bernalillo,Montgomery Moon,0.1,2,35,"2,472",0.01415858,2527,1403,60,53,574,372,65,77.29,55.52,2.37,2.1,22.71,14.72,2.57
35001003719,Bernalillo,Academy Tramway,0.15,3,111,"5,162",0.02150329,5795,3197,265,249,1796,231,57,69.01,55.17,4.57,4.3,30.99,3.99,0.98
35001003721,Bernalillo,Academy Tramway,0.02,1,48,"6,320",0.00759494,6812,4919,242,31,1044,385,191,84.67,72.21,3.55,0.46,15.33,5.65,2.8
35001003722,Bernalillo,Paseo Louisiana,0.12,3,114,"6,485",0.01757903,6430,3047,19,0,2296,750,318,64.29,47.39,0.3,0,35.71,11.66,4.94
35001003723,Bernalillo,Paseo Louisiana,0.11,3,97,"5,704",0.01700561,5760,3250,151,262,1832,196,69,68.19,56.42,2.62,4.55,31.81,3.4,1.2
35001003724,Bernalillo,Paseo Louisiana,0.08,2,35,"3,330",0.01051051,3181,2145,36,35,821,87,57,74.19,67.43,1.13,1.1,25.81,2.73,1.79
35001003725,Bernalillo,Paseo Louisiana,0.11,3,55,"4,719",0.01165501,4096,2662,63,130,1162,0,79,71.63,64.99,1.54,3.17,28.37,0,1.93
35001003726,Bernalillo,Academy Tramway,0.04,1,17,"2,393",0.00710405,2603,2059,0,0,374,147,23,85.63,79.1,0,0,14.37,5.65,0.88
35001003728,Bernalillo,Academy Tramway,0.13,3,82,"4,549",0.01802594,4192,2362,45,171,1220,86,308,70.9,56.35,1.07,4.08,29.1,2.05,7.35
35001003729,Bernalillo,Academy Tramway,0.05,1,24,"1,819",0.01319406,2190,1482,18,26,517,135,12,76.39,67.67,0.82,1.19,23.61,6.16,0.55
35001003730,Bernalillo,Paseo Ventura,0.02,1,54,"4,925",0.01096447,4630,3051,110,0,880,474,115,80.99,65.9,2.38,0,19.01,10.24,2.48
35001003731,Bernalillo,Paseo Ventura,0.04,1,80,"3,606",0.02218525,3892,2699,0,135,808,170,80,79.24,69.35,0,3.47,20.76,4.37,2.06
35001003732,Bernalillo,Paseo Ventura,0.03,1,115,"7,389",0.01556368,6871,4126,220,15,1356,1044,110,80.26,60.05,3.2,0.22,19.74,15.19,1.6
35001003733,Bernalillo,Comanche Carlysle,0.47,6,136,"3,745",0.03631509,3613,845,550,342,1697,26,153,53.03,23.39,15.22,9.47,46.97,0.72,4.23
35001003735,Bernalillo,Alameda Edith,0.06,2,115,"6,494",0.01770865,6785,2595,221,171,3317,314,167,51.11,38.25,3.26,2.52,48.89,4.63,2.46
35001003736,Bernalillo,,0.23,4,134,"2,015",0.06650124,2178,710,60,143,1040,72,153,52.25,32.6,2.75,6.57,47.75,3.31,7.02
35001003737,Bernalillo,Academy Tramway,0.04,1,26,"2,809",0.00925596,2785,1794,0,59,627,264,41,77.49,64.42,0,2.12,22.51,9.48,1.47
35001003738,Bernalillo,Academy Tramway,0.15,3,41,"4,920",0.00833333,4868,3201,54,359,956,122,176,80.36,65.76,1.11,7.37,19.64,2.51,3.62
35001003803,Bernalillo,East Mountain,0.04,1,19,"3,216",0.00590796,3384,2799,0,51,517,0,17,84.72,82.71,0,1.51,15.28,0,0.5
35001003804,Bernalillo,East Mountain,0.04,1,27,"5,512",0.0048984,5873,4017,0,58,1347,216,235,77.06,68.4,0,0.99,22.94,3.68,4
35001003805,Bernalillo,East Mountain,0.07,2,16,"2,433",0.00657624,2406,1288,7,0,922,0,189,61.68,53.53,0.29,0,38.32,0,7.86
35001003806,Bernalillo,East Mountain,0.07,2,25,"3,533",0.00707614,3496,2807,19,68,516,28,58,85.24,80.29,0.54,1.95,14.76,0.8,1.66
35001003807,Bernalillo,East Mountain,0.1,3,42,"4,539",0.00925314,4573,3003,11,116,1229,99,115,73.12,65.67,0.24,2.54,26.88,2.16,2.51
35001004001,Bernalillo,Rio Bravo Second,0.27,4,204,"5,085",0.04011799,5304,930,59,34,4255,0,26,19.78,17.53,1.11,0.64,80.22,0,0.49
35001004300,Bernalillo,Arenal Tapia,0.34,5,191,"5,190",0.03680154,5604,929,96,72,4462,0,45,20.38,16.58,1.71,1.28,79.62,0,0.8
35001004401,Bernalillo,Arenal Tapia,0.31,5,101,"3,236",0.03121137,3450,307,6,0,3137,0,0,9.07,8.9,0.17,0,90.93,0,0
35001004402,Bernalillo,Arenal Tapia,0.16,3,124,"4,109",0.03017766,4070,858,0,67,2965,89,91,27.15,21.08,0,1.65,72.85,2.19,2.24
35001004501,Bernalillo,Arenal Tapia,0.29,4,109,"3,619",0.03011882,3322,267,0,0,3055,0,0,8.04,8.04,0,0,91.96,0,0
35001004502,Bernalillo,Arenal Tapia,0.33,5,101,"3,628",0.02783903,4152,507,50,218,3328,0,49,19.85,12.21,1.2,5.25,80.15,0,1.18
35001004602,Bernalillo,Isleta Gun Club,0.18,3,102,"4,457",0.02288535,4154,1179,60,21,2863,31,0,31.08,28.38,1.44,0.51,68.92,0.75,0
35001004603,Bernalillo,,0.18,3,147,"3,694",0.03979426,4130,507,37,280,3254,12,40,21.21,12.28,0.9,6.78,78.79,0.29,0.97
35001004604,Bernalillo,Isleta Gun Club,0.21,4,165,"5,679",0.02905441,5597,1198,56,64,4211,68,0,24.76,21.4,1,1.14,75.24,1.21,0
35001004712,Bernalillo,So. Ninetyeight,0.2,4,307,"7,425",0.0413468,6633,657,96,178,5684,18,0,14.31,9.91,1.45,2.68,85.69,0.27,0
35001004713,Bernalillo,Chavez OneEighteenth,0.12,3,294,"7,112",0.04133858,6666,610,170,121,5674,6,85,14.88,9.15,2.55,1.82,85.12,0.09,1.28
35001004715,Bernalillo,Chavez OneEighteenth,0.26,4,165,"5,409",0.03050471,4985,701,28,60,4150,0,46,16.75,14.06,0.56,1.2,83.25,0,0.92
35001004716,Bernalillo,Alameda Coors,0.16,3,22,"2,090",0.01052632,1968,803,29,162,882,41,51,55.18,40.8,1.47,8.23,44.82,2.08,2.59
35001004717,Bernalillo,Alameda Coors,0.17,3,111,"7,831",0.01417444,7987,2468,318,664,4139,199,199,48.18,30.9,3.98,8.31,51.82,2.49,2.49
35001004720,Bernalillo,Irving Unser,0.15,3,65,"3,575",0.01818182,3733,1953,49,25,1442,145,119,61.37,52.32,1.31,0.67,38.63,3.88,3.19
35001004722,Bernalillo,Del Norte,0.16,3,68,"5,183",0.01311982,4814,2057,39,629,1907,178,4,60.39,42.73,0.81,13.07,39.61,3.7,0.08
35001004723,Bernalillo,Del Norte,0.03,1,115,"7,416",0.01550701,6869,3151,98,16,3099,344,161,54.88,45.87,1.43,0.23,45.12,5.01,2.34
35001004724,Bernalillo,Del Norte,0.04,1,46,"3,245",0.01417566,3203,1505,44,30,1479,105,40,53.82,46.99,1.37,0.94,46.18,3.28,1.25
35001004725,Bernalillo,Del Norte,0.08,2,43,"3,776",0.01138771,4260,1608,0,16,2564,6,66,39.81,37.75,0,0.38,60.19,0.14,1.55
35001004726,Bernalillo,Montano Coors,0.16,3,37,"2,526",0.01464766,2324,860,102,55,1290,0,17,44.49,37.01,4.39,2.37,55.51,0,0.73
35001004727,Bernalillo,Montano Coors,0.09,2,36,"1,930",0.01865285,1844,825,50,14,933,22,0,49.4,44.74,2.71,0.76,50.6,1.19,0
35001004728,Bernalillo,Montano Coors,0.05,1,90,"5,201",0.01730437,5423,2504,102,35,2525,146,111,53.44,46.17,1.88,0.65,46.56,2.69,2.04
35001004729,Bernalillo,Montano Coors,0.18,3,68,"3,684",0.0184582,3789,1576,313,133,1664,22,81,56.08,41.59,8.26,3.51,43.92,0.58,2.14
35001004733,Bernalillo,Arenal Unser,0.25,4,305,"7,475",0.04080268,7459,813,0,130,6504,0,12,12.8,10.9,0,1.74,87.2,0,0.16
35001004734,Bernalillo,Arenal Unser,0.24,4,328,"7,566",0.04335184,7548,203,26,142,6955,53,169,7.86,2.69,0.34,1.88,92.14,0.7,2.24
35001004735,Bernalillo,,0.19,3,137,"2,363",0.05797715,2167,75,26,31,2028,7,0,6.41,3.46,1.2,1.43,93.59,0.32,0
35001004736,Bernalillo,Chavez OneEighteenth,0.34,5,91,"1,160",0.07844828,1529,23,0,61,1445,0,0,5.49,1.5,0,3.99,94.51,0,0
35001004737,Bernalillo,Chavez OneEighteenth,0.15,3,318,"6,270",0.0507177,7285,886,305,253,5669,23,149,22.18,12.16,4.19,3.47,77.82,0.32,2.05
35001004738,Bernalillo,,0.18,3,249,"5,653",0.04404741,6132,571,356,158,4864,64,119,20.68,9.31,5.81,2.58,79.32,1.04,1.94
35001004739,Bernalillo,So. Ninetyeight,0.27,4,284,"6,995",0.04060043,7013,589,70,246,5917,159,32,15.63,8.4,1,3.51,84.37,2.27,0.46
35001004740,Bernalillo,So. Ninetyeight,0.18,3,264,"7,574",0.03485609,7113,910,102,370,5627,0,104,20.89,12.79,1.43,5.2,79.11,0,1.47
35001004741,Bernalillo,So. Ninetyeight,0.24,4,317,"7,442",0.04259608,7695,1097,214,491,5792,53,48,24.73,14.26,2.78,6.38,75.27,0.69,0.62
35001004742,Bernalillo,No. Ninetyeight,0.13,3,124,"6,425",0.01929961,6181,2262,98,184,3469,88,80,43.88,36.6,1.59,2.98,56.12,1.42,1.29
35001004743,Bernalillo,No. Ninetyeight,0.06,2,70,"3,200",0.021875,4172,1138,111,203,2295,309,116,44.99,27.28,2.66,4.87,55.01,7.41,2.78
35001004744,Bernalillo,No. Ninetyeight,0.06,2,151,"5,270",0.02865275,5819,1771,215,118,3253,313,149,44.1,30.43,3.69,2.03,55.9,5.38,2.56
35001004745,Bernalillo,Alameda Coors,0.07,2,207,"6,663",0.03106709,6436,3176,80,148,2835,107,90,55.95,49.35,1.24,2.3,44.05,1.66,1.4
35001004746,Bernalillo,Alameda Coors,0.14,3,144,"7,592",0.01896733,8590,3242,532,248,4271,63,234,50.28,37.74,6.19,2.89,49.72,0.73,2.72
35001004747,Bernalillo,Irving Unser,0.04,1,71,"5,147",0.01379444,5372,1677,37,156,3339,59,104,37.84,31.22,0.69,2.9,62.16,1.1,1.94
35001004748,Bernalillo,Irving Unser,0.09,2,133,"9,539",0.01394276,10784,5315,80,178,4704,140,367,56.38,49.29,0.74,1.65,43.62,1.3,3.4
35001004749,Bernalillo,No. Ninetyeight,0.3,5,106,"4,410",0.02403628,4438,1090,233,273,2713,25,104,38.87,24.56,5.25,6.15,61.13,0.56,2.34
35001004750,Bernalillo,No. Ninetyeight,0.07,2,131,"6,736",0.01944774,6026,1438,259,222,3998,0,109,33.65,23.86,4.3,3.68,66.35,0,1.81
35001004751,Bernalillo,Irving Unser,0.06,2,62,"2,734",0.0226774,3672,1545,91,127,1774,83,52,51.69,42.08,2.48,3.46,48.31,2.26,1.42
35001004752,Bernalillo,Irving Unser,0.1,2,64,"3,868",0.01654602,3943,1822,75,95,1597,182,172,59.5,46.21,1.9,2.41,40.5,4.62,4.37
35001004753,Bernalillo,Irving Unser,0.07,2,54,"3,654",0.01477833,3996,1634,119,143,1942,52,106,51.4,40.89,2.98,3.58,48.6,1.3,2.65
35001940500,Bernalillo,Paseo Ventura,0.05,1,15,"2,852",0.00525947,3123,2300,141,85,492,51,54,84.25,73.65,4.51,2.72,15.75,1.63,1.73
35001940600,Bernalillo,Southwest,0.15,3,1247,"10,290",0.12118562,11788,3016,575,2055,5246,688,208,55.5,25.59,4.88,17.43,44.5,5.84,1.77
35001940700,Bernalillo,Southwest,0.27,4,81,"2,531",0.03200316,2704,52,0,2207,388,27,30,85.65,1.92,0,81.62,14.35,1,1.11
35003976400,Sierra/Catron,,0.23,4,13,"3,518",0.00369528,3539,2885,0,2,635,6,11,82.06,81.52,0,0.06,17.94,0.17,0.31
35005000201,Chaves,Roswell N.W.,0.22,4,160,"3,791",0.04220522,3463,1230,110,18,2061,0,44,40.49,35.52,3.18,0.52,59.51,0,1.27
35005000202,Chaves,Roswell S.E.,0.21,4,180,"3,838",0.04689943,3734,1337,178,28,2060,25,106,44.83,35.81,4.77,0.75,55.17,0.67,2.84
35005000300,Chaves,Roswell N.W.,0.24,4,297,"6,422",0.04624728,6510,2690,85,49,3302,322,62,49.28,41.32,1.31,0.75,50.72,4.95,0.96
35005000400,Chaves,Roswell S.E.,0.24,4,201,"4,721",0.04257573,4608,1557,54,5,2946,0,46,36.07,33.79,1.17,0.11,63.93,0,1
35005000500,Chaves,Roswell S.E.,0.3,5,115,"2,023",0.05684627,2020,638,45,7,1324,0,6,34.46,31.58,2.23,0.35,65.54,0,0.3
35005000600,Chaves,Roswell S.E.,0.37,5,335,"4,930",0.06795132,4432,703,138,30,3539,0,22,20.15,15.86,3.11,0.68,79.85,0,0.5
35005000700,Chaves,Roswell S.E.,0.18,3,278,"4,392",0.0632969,4553,1594,32,13,2774,14,126,39.07,35.01,0.7,0.29,60.93,0.31,2.76
35005000800,Chaves,Roswell N.W.,0.16,3,294,"5,686",0.05170594,6021,1819,229,0,3869,0,104,35.74,30.21,3.8,0,64.26,0,1.73
35005000900,Chaves,Roswell N.W.,0.13,3,154,"2,723",0.05655527,3091,1531,0,53,1507,0,0,51.25,49.53,0,1.71,48.75,0,0
35005001001,Chaves,Roswell N.W.,0.08,2,225,"4,710",0.0477707,5652,3375,14,7,2033,16,207,64.03,59.71,0.25,0.12,35.97,0.28,3.66
35005001002,Chaves,Roswell N.W.,0.13,3,153,"4,186",0.03655041,4735,2970,12,3,1749,1,0,63.06,62.72,0.25,0.06,36.94,0.02,0
35005001101,Chaves,,0.34,5,263,"6,136",0.0428618,5558,1409,57,245,3769,18,60,32.19,25.35,1.03,4.41,67.81,0.32,1.08
35005001102,Chaves,,0.17,3,123,"3,864",0.0318323,3789,2443,0,53,1281,0,12,66.19,64.48,0,1.4,33.81,0,0.32
35005001200,Chaves,,0.26,4,66,"1,604",0.04114713,1608,903,3,8,663,0,31,58.77,56.16,0.19,0.5,41.23,0,1.93
35005001300,Chaves,,0.18,3,371,"2,999",0.1237079,3169,772,43,39,2303,9,3,27.33,24.36,1.36,1.23,72.67,0.28,0.09
35005001400,Chaves,,0.16,3,87,"2,787",0.03121636,2516,882,5,12,1617,0,0,35.73,35.06,0.2,0.48,64.27,0,0
35006941500,Cibola,,0.22,4,128,"2,991",0.04279505,2784,25,26,2599,113,0,21,95.94,0.9,0.93,93.35,4.06,0,0.76
35006945800,Cibola,N/A,0.43,6,95,"2,097",0.04530281,2182,215,8,1874,46,5,34,97.89,9.85,0.37,85.88,2.11,0.23,1.55
35006946100,Cibola,,0.27,4,171,"4,086",0.04185022,3976,37,0,3718,135,10,76,96.6,0.93,0,93.51,3.4,0.25,1.91
35006974201,Cibola,N/A,0.38,5,254,"5,251",0.04837174,5169,1237,83,1087,2616,29,117,49.39,23.93,1.61,21.03,50.61,0.56,2.26
35006974202,Cibola,,0.21,4,67,"2,949",0.02271957,2805,846,21,598,1201,6,133,57.18,30.16,0.75,21.32,42.82,0.21,4.74
35006974400,Cibola,,0.22,4,74,"3,269",0.02263689,4644,1078,26,294,3189,20,37,31.33,23.21,0.56,6.33,68.67,0.43,0.8
35006974700,Cibola,,0.19,3,531,"6,460",0.08219814,5418,1848,86,361,3019,15,89,44.28,34.11,1.59,6.66,55.72,0.28,1.64
35007950500,Colfax/Union,,0.19,3,24,"3,889",0.00617125,3689,1591,0,6,1952,0,140,47.09,43.13,0,0.16,52.91,0,3.8
35007950600,Colfax,,0.3,5,26,"3,220",0.00807453,3464,1450,3,63,1939,9,0,44.02,41.86,0.09,1.82,55.98,0.26,0
35007950700,Colfax/Union,,0.23,4,39,"5,038",0.00774117,5200,2736,57,46,2214,33,114,57.42,52.62,1.1,0.88,42.58,0.63,2.19
35009000100,Curry,Clovis West,0.38,5,310,"5,105",0.06072478,5056,718,439,48,3518,58,275,30.42,14.2,8.68,0.95,69.58,1.15,5.44
35009000201,Curry,Clovis West,0.2,4,266,"4,223",0.0629884,4723,1948,467,3,2011,124,170,57.42,41.24,9.89,0.06,42.58,2.63,3.6
35009000202,Curry,Clovis West,0.27,4,224,"4,388",0.05104831,3877,1284,156,7,2278,57,95,41.24,33.12,4.02,0.18,58.76,1.47,2.45
35009000301,Curry,Clovis East,0.2,4,335,"6,379",0.05251607,6537,3136,673,2,2610,0,116,60.07,47.97,10.3,0.03,39.93,0,1.77
35009000303,Curry,Clovis East,0.16,3,165,"3,656",0.04513129,4444,2475,224,36,1578,89,42,64.49,55.69,5.04,0.81,35.51,2,0.95
35009000304,Curry,Clovis East,0.06,2,208,"6,499",0.03200492,6004,4261,116,31,1335,185,76,77.76,70.97,1.93,0.52,22.24,3.08,1.26
35009000400,Curry,Clovis East,0.42,6,231,"4,874",0.04739434,4142,1351,115,51,2491,48,86,39.86,32.62,2.78,1.23,60.14,1.16,2.08
35009000500,Curry,Clovis West,0.31,5,135,"2,407",0.05608642,2357,533,72,100,1632,12,8,30.76,22.61,3.05,4.24,69.24,0.51,0.33
35009000601,Bernalillo,Indian School Pennsylvania,0.14,3,23,"1,278",0.01799687,1082,871,0,62,145,0,4,86.6,80.5,0,5.73,13.4,0,0.37
35009000602,Roosevelt County/Curry County,,0.06,2,147,"4,477",0.03283449,5350,4039,39,118,939,113,102,82.45,75.5,0.73,2.21,17.55,2.11,1.91
35009000603,Roosevelt/Curry,,0.22,4,217,"4,223",0.05138527,4104,2008,101,0,1937,13,45,52.8,48.93,2.46,0,47.2,0.32,1.1
35009000900,Military Bases,,0.07,2,56,"2,520",0.02222222,2523,1560,248,0,398,81,236,84.23,61.83,9.83,0,15.77,3.21,9.36
35011960100,Quay/DeBaca/Harding,,0.17,3,24,"1,805",0.0132964,2060,1072,33,0,949,0,6,53.93,52.04,1.6,0,46.07,0,0.29
35013000102,Dona Ana,Northwest Las Cruces,0.22,4,98,"4,082",0.02400784,4158,1247,47,14,2826,0,24,32.03,29.99,1.13,0.34,67.97,0,0.58
35013000103,Dona Ana,Northwest Las Cruces,0.38,5,134,"5,050",0.02653465,4873,1052,54,221,3537,0,9,27.42,21.59,1.11,4.54,72.58,0,0.18
35013000104,Dona Ana,Northwest Las Cruces,0.16,3,141,"4,969",0.02837593,5001,1671,7,9,3263,38,13,34.75,33.41,0.14,0.18,65.25,0.76,0.26
35013000201,Dona Ana,,0.26,4,377,"5,914",0.06374704,5257,1101,107,61,3912,47,29,25.58,20.94,2.04,1.16,74.42,0.89,0.55
35013000202,Dona Ana,Northwest Las Cruces,0.22,4,276,"6,198",0.04453049,5845,1698,59,66,3992,0,30,31.7,29.05,1.01,1.13,68.3,0,0.51
35013000300,Dona Ana,Central Las Cruces,0.2,4,96,"3,802",0.02524987,3451,1194,195,51,1958,15,38,43.26,34.6,5.65,1.48,56.74,0.43,1.1
35013000401,Dona Ana,Central Las Cruces,0.31,5,138,"3,126",0.04414587,2710,438,0,41,2202,29,0,18.75,16.16,0,1.51,81.25,1.07,0
35013000402,Dona Ana,Central Las Cruces,0.28,4,251,"5,871",0.04275251,4935,1300,34,0,3588,0,13,27.29,26.34,0.69,0,72.71,0,0.26
35013000500,Dona Ana,Central Las Cruces,0.28,4,73,"2,973",0.02455432,2200,644,0,18,1487,0,51,32.41,29.27,0,0.82,67.59,0,2.32
35013000600,Dona Ana,Central Las Cruces,0.4,5,114,"2,880",0.03958333,2531,376,62,13,2025,33,22,19.99,14.86,2.45,0.51,80.01,1.3,0.87
35013000700,Dona Ana,University District,0.35,5,205,"6,390",0.03208138,5784,1264,146,0,4185,40,149,27.65,21.85,2.52,0,72.35,0.69,2.58
35013000800,Dona Ana,University District,0.3,4,123,"3,551",0.03463813,3624,904,335,23,2132,182,48,41.17,24.94,9.24,0.63,58.83,5.02,1.33
35013000900,Dona Ana,University District,0.5,6,200,"7,212",0.02773156,6962,1557,372,198,4438,283,114,36.25,22.36,5.34,2.84,63.75,4.06,1.64
35013001000,Dona Ana,University District,0.64,6,41,"4,369",0.0093843,3121,1132,159,111,1596,62,61,48.86,36.27,5.09,3.56,51.14,1.99,1.95
35013001102,Dona Ana,Mesilla Picacho Mesilla Park,0.13,3,57,"2,890",0.01972318,3122,986,0,5,2014,43,74,35.49,31.58,0,0.16,64.51,1.38,2.37
35013001103,Dona Ana,Mesilla Picacho Mesilla Park,0.18,3,99,"4,189",0.02363333,4260,1436,9,0,2748,67,0,35.49,33.71,0.21,0,64.51,1.57,0
35013001104,Dona Ana,Mesilla Picacho Mesilla Park,0.39,5,206,"5,084",0.04051928,5586,1277,0,78,4209,0,22,24.65,22.86,0,1.4,75.35,0,0.39
35013001201,Dona Ana,Sonoma Butterfield Moongate,0.18,3,519,"15,505",0.03347307,17497,7926,1083,66,7691,284,447,56.04,45.3,6.19,0.38,43.96,1.62,2.55
35013001203,Dona Ana,Las Alturas Talavera,0.28,4,130,"4,516",0.02878654,4850,2224,25,40,2336,111,114,51.84,45.86,0.52,0.82,48.16,2.29,2.35
35013001204,Dona Ana,Las Alturas Talavera,0.08,2,71,"3,870",0.01834625,4352,2882,53,0,1222,93,102,71.92,66.22,1.22,0,28.08,2.14,2.35
35013001205,Dona Ana,Las Alturas Talavera,0.13,3,128,"4,510",0.02838138,4530,2547,107,6,1336,399,135,70.51,56.23,2.36,0.13,29.49,8.81,2.98
35013001303,Dona Ana,Dona Ana Fort Selden,0.24,4,287,"7,347",0.03906356,7599,3042,64,6,4435,52,0,41.64,40.03,0.84,0.08,58.36,0.68,0
35013001304,Dona Ana,Sonoma Butterfield Moongate,0.3,5,304,"8,124",0.03741999,7985,1825,119,73,5907,37,24,26.02,22.86,1.49,0.91,73.98,0.46,0.3
35013001305,Dona Ana,Sonoma Butterfield Moongate,0.25,4,151,"5,287",0.02856062,5059,1566,25,0,3468,0,0,31.45,30.95,0.49,0,68.55,0,0
35013001306,Dona Ana,Dona Ana Fort Selden,0.17,3,420,"10,372",0.04049364,12799,5149,51,21,6986,160,432,45.42,40.23,0.4,0.16,54.58,1.25,3.38
35013001307,Dona Ana,Dona Ana Fort Selden,0.16,3,264,"6,610",0.03993949,6107,2249,47,16,3668,39,88,39.94,36.83,0.77,0.26,60.06,0.64,1.44
35013001400,Dona Ana,Hatch and Surrounding Area,0.41,6,431,"5,977",0.07210975,5042,857,8,8,4169,0,0,17.31,17,0.16,0.16,82.69,0,0
35013001500,Dona Ana,Hatch and Surrounding Area,0.06,2,253,"6,163",0.04105144,6496,3166,40,178,2967,27,118,54.33,48.74,0.62,2.74,45.67,0.42,1.82
35013001600,Dona Ana,South Valley,0.17,3,125,"2,993",0.04176412,2725,399,0,0,2286,13,27,16.11,14.64,0,0,83.89,0.48,0.99
35013001701,Dona Ana,,0.29,4,538,"6,137",0.08766498,9096,1698,44,34,7275,45,0,20.02,18.67,0.48,0.37,79.98,0.49,0
35013001702,Dona Ana,South Valley,0.21,4,72,"1,747",0.04121351,1566,336,0,0,1216,14,0,22.35,21.46,0,0,77.65,0.89,0
35013001703,Dona Ana,South Valley,0.24,4,94,"3,117",0.0301572,3037,540,0,0,2497,0,0,17.78,17.78,0,0,82.22,0,0
35013001705,Dona Ana,Sunland Park,0.38,5,259,"3,348",0.07735962,2932,47,9,0,2876,0,0,1.91,1.6,0.31,0,98.09,0,0
35013001706,Dona Ana,Sunland Park,0.45,6,337,"3,933",0.08568523,4537,29,0,15,4493,0,0,0.97,0.64,0,0.33,99.03,0,0
35013001707,Dona Ana,Sunland Park,0.37,5,506,"6,092",0.08305975,5733,61,0,0,5672,0,0,1.06,1.06,0,0,98.94,0,0
35013001801,Dona Ana,South Valley,0.27,4,328,"7,020",0.04672365,5375,1085,0,84,4172,0,34,22.38,20.19,0,1.56,77.62,0,0.63
35013001802,Dona Ana,Anthony Berino Chaparral,0.42,6,371,"6,743",0.05502002,6890,271,23,17,6579,0,0,4.51,3.93,0.33,0.25,95.49,0,0
35013001804,Dona Ana,Anthony Berino Chaparral,0.37,5,316,"7,256",0.04355017,6946,1440,0,0,5417,0,89,22.01,20.73,0,0,77.99,0,1.28
35013001805,Dona Ana,Anthony Berino Chaparral,0.43,6,278,"4,127",0.06736128,3524,64,0,0,3460,0,0,1.82,1.82,0,0,98.18,0,0
35013001806,Dona Ana,Anthony Berino Chaparral,0.47,6,444,"6,220",0.07138264,6104,40,0,0,6004,60,0,1.64,0.66,0,0,98.36,0.98,0
35013001900,Military Bases,,0.02,1,5,"1,840",0.00271739,1137,503,314,0,241,37,42,78.8,44.24,27.62,0,21.2,3.25,3.69
35015000100,Eddy,Carlsbad,0.27,4,78,"1,866",0.04180064,1734,753,45,3,926,0,7,46.6,43.43,2.6,0.17,53.4,0,0.4
35015000200,Eddy,Carlsbad,0.09,2,191,"4,772",0.04002515,5886,3651,30,52,2026,89,38,65.58,62.03,0.51,0.88,34.42,1.51,0.65
35015000300,Eddy,Carlsbad,0.08,2,216,"6,119",0.03529989,6468,3527,43,20,2769,67,42,57.19,54.53,0.66,0.31,42.81,1.04,0.65
35015000401,Eddy,Carlsbad,0.1,2,125,"3,771",0.03314771,3394,1924,0,63,1407,0,0,58.54,56.69,0,1.86,41.46,0,0
35015000402,Eddy,Carlsbad,0.26,4,231,"4,876",0.0473749,3956,1648,53,29,2201,0,25,44.36,41.66,1.34,0.73,55.64,0,0.63
35015000500,Eddy,Carlsbad,0.23,4,146,"3,539",0.04125459,3235,1044,172,0,1995,0,24,38.33,32.27,5.32,0,61.67,0,0.74
35015000600,Eddy,Carlsbad,0.12,3,287,"5,854",0.04902631,6204,3118,100,4,2678,51,253,56.83,50.26,1.61,0.06,43.17,0.82,4.08
35015000700,Eddy,,0.08,2,163,"5,573",0.02924816,5915,2606,174,106,3008,0,21,49.15,44.06,2.94,1.79,50.85,0,0.35
35015000800,Eddy,,0.16,3,92,"2,400",0.03833333,1964,617,0,129,1203,0,15,38.75,31.42,0,6.57,61.25,0,0.76
35015000900,Eddy,,0.12,3,119,"5,288",0.02250378,5155,2776,62,89,2186,18,24,57.59,53.85,1.2,1.73,42.41,0.35,0.47
35015001000,Eddy,,0.24,4,297,"7,039",0.04219349,6992,2135,95,280,4482,0,0,35.9,30.53,1.36,4,64.1,0,0
35015001100,Eddy,,0.21,4,187,"7,064",0.02647225,6534,3518,47,0,2918,0,51,55.34,53.84,0.72,0,44.66,0,0.78
35017964100,Hidalgo/Grant,,0.15,3,11,"2,281",0.00482245,2309,1669,0,10,568,9,53,75.4,72.28,0,0.43,24.6,0.39,2.3
35017964200,Hidalgo/Grant,,0.1,2,8,"1,969",0.00406298,1685,1399,0,0,286,0,0,83.03,83.03,0,0,16.97,0,0
35017964300,Grant,Silver City,0.26,4,68,"6,454",0.0105361,6441,2735,9,158,3336,8,195,48.21,42.46,0.14,2.45,51.79,0.12,3.03
35017964400,Grant,Silver City,0.36,5,40,"4,046",0.00988631,4213,1534,9,30,2610,20,10,38.05,36.41,0.21,0.71,61.95,0.47,0.24
35017964500,Hidalgo/Grant,,0.23,4,35,"2,845",0.01230229,2945,779,122,52,1992,0,0,32.36,26.45,4.14,1.77,67.64,0,0
35017964600,Hidalgo/Grant,,0.23,4,23,"2,874",0.00800278,2972,755,17,46,2147,0,7,27.76,25.4,0.57,1.55,72.24,0,0.24
35017964700,Grant,Silver City,0.17,3,82,"5,481",0.01496077,5531,3248,0,219,2047,0,17,62.99,58.72,0,3.96,37.01,0,0.31
35017964800,Hidalgo/Grant,,0.11,3,18,"1,677",0.01073345,1965,796,0,10,1141,0,18,41.93,40.51,0,0.51,58.07,0,0.92
35019961600,Mora/Guadalupe/San Miguel East,,0.15,3,79,"4,381",0.01803241,4382,830,50,52,3434,0,16,21.63,18.94,1.14,1.19,78.37,0,0.37
35021000100,Quay/DeBaca/Harding,,0.18,3,8,698,0.01146132,459,283,0,0,171,0,5,62.75,61.66,0,0,37.25,0,1.1
35023970000,Hidalgo County/Grant County,,0.21,4,25,"1,909",0.01309586,1856,1385,13,7,447,0,4,75.92,74.62,0.7,0.38,24.08,0,0.22
35023970200,Hidalgo,"Hidalgo County/Grant County, Other",0.34,5,118,"2,406",0.04904406,2515,397,14,16,2088,0,0,16.98,15.79,0.56,0.64,83.02,0,0
35025000100,Lea,,0.21,4,168,"3,085",0.05445705,3461,584,95,17,2598,0,167,24.93,16.87,2.74,0.49,75.07,0,4.82
35025000200,Lea,Hobbs So.,0.24,4,179,"3,812",0.04695698,4091,1014,40,37,2798,0,202,31.61,24.79,0.98,0.9,68.39,0,4.94
35025000300,Lea,Hobbs So.,0.32,5,231,"4,316",0.05352178,3993,327,585,0,3070,0,11,23.12,8.19,14.65,0,76.88,0,0.28
35025000400,Lea,Hobbs So.,0.29,4,175,"3,771",0.04640679,3075,294,460,12,2309,0,0,24.91,9.56,14.96,0.39,75.09,0,0
35025000502,Lea,Hobbs No.,0.22,4,294,"6,865",0.04282593,7207,2899,402,40,3720,113,33,48.38,40.22,5.58,0.56,51.62,1.57,0.46
35025000503,Lea,Hobbs No.,0.08,2,187,"4,115",0.0454435,3663,1865,208,20,1462,28,80,60.09,50.91,5.68,0.55,39.91,0.76,2.18
35025000504,Lea,Hobbs No.,0.05,1,142,"3,956",0.03589484,3772,2349,172,111,946,0,194,74.92,62.27,4.56,2.94,25.08,0,5.15
35025000600,Lea,Hobbs No.,0.15,3,332,"6,955",0.04773544,7168,2702,247,3,4151,0,65,42.09,37.7,3.45,0.04,57.91,0,0.91
35025000701,Lea,,0.08,2,75,"1,688",0.04443128,1700,1024,8,0,642,12,14,62.24,60.24,0.47,0,37.76,0.71,0.82
35025000702,Lea,,0.12,3,269,"3,490",0.07707736,4140,1618,103,118,2288,2,11,44.73,39.08,2.49,2.85,55.27,0.05,0.27
35025000703,Lea,,0.08,2,86,"2,591",0.03319182,2597,1114,84,0,1330,0,69,48.79,42.9,3.23,0,51.21,0,2.66
35025000704,Lea,,0.05,2,141,"2,842",0.04961295,2978,1579,0,0,1357,0,42,54.43,53.02,0,0,45.57,0,1.41
35025000800,Lea,,0.19,3,76,"3,525",0.02156028,3412,1533,0,98,1781,0,0,47.8,44.93,0,2.87,52.2,0,0
35025000900,Lea,,0.16,3,41,"2,403",0.01706201,2115,792,0,10,1302,0,11,38.44,37.45,0,0.47,61.56,0,0.52
35025001003,Lea,,0.11,3,230,"4,681",0.0491348,4364,1367,37,0,2863,0,97,34.4,31.32,0.85,0,65.6,0,2.22
35025001004,Lea,,0.1,3,165,"3,969",0.04157218,4096,981,62,0,3053,0,0,25.46,23.95,1.51,0,74.54,0,0
35025001005,Lea,,0.25,4,130,"3,875",0.03354839,3626,812,31,19,2749,0,15,24.19,22.39,0.85,0.52,75.81,0,0.41
35025001100,Lea,,0.14,3,119,"4,893",0.02432046,4668,2457,9,12,2175,0,15,53.41,52.63,0.19,0.26,46.59,0,0.32
35027960200,Lincoln,,0.23,4,13,"1,688",0.00770142,1572,873,4,163,414,2,116,73.66,55.53,0.25,10.37,26.34,0.13,7.38
35027960300,Lincoln,,0.18,3,38,"2,801",0.01356658,2721,1840,24,25,755,0,77,72.25,67.62,0.88,0.92,27.75,0,2.83
35027960400,Lincoln,,0.18,3,212,"6,603",0.03210662,7101,4057,67,0,2851,0,126,59.85,57.13,0.94,0,40.15,0,1.77
35027960600,Lincoln,,0.12,3,218,"6,049",0.03603902,6154,4197,0,127,1683,89,58,72.65,68.2,0,2.06,27.35,1.45,0.94
35027960800,Lincoln,,0.17,3,44,"2,408",0.01827243,1934,1209,66,0,659,0,0,65.93,62.51,3.41,0,34.07,0,0
35028000100,Los Alamos,,0.05,1,20,"3,994",0.00500751,3620,2659,0,44,556,182,179,84.64,73.45,0,1.22,15.36,5.03,4.94
35028000200,Los Alamos,,0.06,2,24,"5,323",0.00450874,5377,3772,0,0,1183,226,196,78,70.15,0,0,22,4.2,3.65
35028000400,Los Alamos,,0.11,3,16,"3,481",0.00459638,3478,2276,36,30,544,505,87,84.36,65.44,1.04,0.86,15.64,14.52,2.5
35028000500,Los Alamos,,0.02,1,26,"6,011",0.0043254,5881,4534,0,99,953,83,212,83.8,77.1,0,1.68,16.2,1.41,3.6
35029000100,Luna,N/A,0.32,5,287,"5,255",0.05461465,5708,1739,32,0,3822,12,103,33.04,30.47,0.56,0,66.96,0.21,1.81
35029000200,Luna,,0.28,4,216,"4,240",0.0509434,4003,906,38,43,2910,106,0,27.3,22.63,0.95,1.07,72.7,2.65,0
35029000300,Luna,,0.28,4,127,"2,327",0.05457671,2268,728,13,25,1465,37,0,35.41,32.1,0.57,1.1,64.59,1.63,0
35029000400,Luna,,0.24,4,352,"5,804",0.06064783,4949,2233,0,56,2660,0,0,46.25,45.12,0,1.13,53.75,0,0
35029000500,Luna,N/A,0.35,5,177,"4,273",0.04142289,4351,1373,35,60,2814,13,56,35.33,31.56,0.8,1.38,64.67,0.3,1.29
35029000600,Luna,N/A,0.35,5,379,"2,736",0.13852339,2985,322,153,14,2493,0,3,16.48,10.79,5.13,0.47,83.52,0,0.1
35031940300,Mckinley,SW,0.3,5,591,"6,470",0.09134467,7792,18,0,7664,84,26,0,98.92,0.23,0,98.36,1.08,0.33,0
35031940500,Mckinley,SW,0.54,6,16,"1,414",0.01131542,1768,93,4,1549,41,47,34,97.68,5.26,0.23,87.61,2.32,2.66,1.92
35031943500,Mckinley,,0.3,4,359,"3,469",0.10348804,3830,150,11,3553,39,27,50,98.98,3.92,0.29,92.77,1.02,0.7,1.31
35031943600,McKinley,NW,0.45,6,508,"5,879",0.08640925,5748,31,22,5491,106,6,92,98.16,0.54,0.38,95.53,1.84,0.1,1.6
35031943700,Mckinley,NW,0.37,5,71,"3,799",0.01868913,4040,14,0,3931,78,2,15,98.07,0.35,0,97.3,1.93,0.05,0.37
35031943800,Mckinley,NW,0.42,6,351,"6,153",0.05704534,6011,79,10,5727,102,27,66,98.3,1.31,0.17,95.28,1.7,0.45,1.1
35031943901,Mckinley,SW,0.36,5,65,"4,849",0.01340483,4450,130,0,3901,260,4,155,94.16,2.92,0,87.66,5.84,0.09,3.48
35031943902,Mckinley,SW,0.42,6,270,"4,232",0.06379962,4150,132,4,3606,408,0,0,90.17,3.18,0.1,86.89,9.83,0,0
35031944000,McKinley,Other,0.41,6,45,"2,158",0.02085264,2224,18,0,2144,25,0,37,98.88,0.81,0,96.4,1.12,0,1.66
35031945200,Mckinley,Gallup,0.35,5,436,"6,533",0.0667381,6487,700,75,3115,2391,64,142,63.14,10.79,1.16,48.02,36.86,0.99,2.19
35031945300,Mckinley,Gallup,0.49,6,178,"3,164",0.0562579,2897,65,29,1498,1256,6,43,56.64,2.24,1,51.71,43.36,0.21,1.48
35031945400,Mckinley,,0.3,4,129,"3,245",0.03975347,2431,618,95,643,779,135,161,67.96,25.42,3.91,26.45,32.04,5.55,6.63
35031945500,Mckinley,,0.15,3,236,"5,684",0.04152006,6915,2570,143,1851,1852,262,237,73.22,37.17,2.07,26.77,26.78,3.79,3.43
35031945600,Mckinley,Gallup,0.3,5,363,"5,248",0.06916921,5477,904,10,2358,2093,100,12,61.79,16.51,0.18,43.05,38.21,1.83,0.22
35031945700,Mckinley,SW,0.42,6,119,"2,188",0.05438757,2364,175,11,2107,54,0,17,97.72,7.4,0.47,89.13,2.28,0,0.72
35031946000,Mckinley,Other,0.5,6,437,"5,708",0.07655922,5295,282,7,4152,765,5,84,85.55,5.33,0.13,78.41,14.45,0.09,1.58
35031973100,McKinley,,0.13,3,12,"1,049",0.01143947,970,468,0,369,101,0,32,89.59,48.25,0,38.04,10.41,0,3.3
35033955200,Mora/Guadalupe/San Miguel East,,0.19,3,18,"4,505",0.00399556,4563,712,1,0,3701,0,149,18.89,15.6,0.02,0,81.11,0,3.27
35035000100,Otero,Alamogordo S.W.,0.44,6,19,"1,682",0.01129608,1870,614,101,26,1082,6,41,42.14,32.83,5.4,1.39,57.86,0.32,2.19
35035000200,Otero,Alamogordo S.W.,0.33,5,17,"2,004",0.00848303,1946,875,98,11,884,8,70,54.57,44.96,5.04,0.57,45.43,0.41,3.6
35035000303,Otero,Alamogordo N.E.,0.23,4,38,"2,471",0.01537839,2381,1319,97,40,812,14,99,65.9,55.4,4.07,1.68,34.1,0.59,4.16
35035000304,Otero,Alamogordo N.E.,0.08,2,36,"3,466",0.01038661,3508,2257,138,0,955,49,109,72.78,64.34,3.93,0,27.22,1.4,3.11
35035000305,Otero,Alamogordo N.E.,0.16,3,39,"3,895",0.01001284,4212,2062,337,42,1735,27,9,58.81,48.96,8,1,41.19,0.64,0.21
35035000306,Otero,Alamogordo N.E.,0.09,2,45,"3,329",0.01351757,3357,1865,193,24,1018,45,212,69.68,55.56,5.75,0.71,30.32,1.34,6.32
35035000401,Otero,Alamogordo N.E.,0.14,3,48,"5,135",0.00934761,3911,2712,84,3,1030,26,56,73.66,69.34,2.15,0.08,26.34,0.66,1.44
35035000402,Otero,Alamogordo S.W,0.1,3,53,"7,325",0.0072355,7373,4779,404,168,1446,308,268,80.39,64.82,5.48,2.28,19.61,4.18,3.63
35035000500,Otero,Alamogordo S.W.,0.23,4,51,"5,265",0.00968661,5037,2453,23,78,2434,37,12,51.68,48.7,0.46,1.55,48.32,0.73,0.24
35035000601,Military Bases,,0.11,3,19,"3,678",0.00516585,4046,2660,441,3,569,73,300,85.94,65.74,10.9,0.07,14.06,1.8,7.42
35035000602,Otero,,0.15,3,8,"2,223",0.00359874,2866,1907,68,60,666,93,72,76.76,66.54,2.37,2.09,23.24,3.24,2.51
35035000603,Otero,,0.17,3,16,"2,735",0.00585009,2426,1800,0,73,487,0,66,79.93,74.2,0,3.01,20.07,0,2.72
35035000700,Otero,,0.11,3,69,"6,182",0.01116144,5514,3104,41,42,2200,127,0,60.1,56.29,0.74,0.76,39.9,2.3,0
35035000901,Otero,,0.15,3,19,"3,186",0.00596359,2673,2225,4,86,279,0,79,89.56,83.24,0.15,3.22,10.44,0,2.96
35035000902,Otero,N/A,0.47,6,1734,"10,442",0.16606014,10895,1634,107,49,9074,10,21,16.71,15,0.98,0.45,83.29,0.09,0.19
35035940000,Otero,Other,0.32,5,255,"3,867",0.06594259,3730,121,1,3280,328,0,0,91.21,3.24,0.03,87.94,8.79,0,0
35037958601,Quay/DeBaca/Harding,,0.27,4,54,"2,903",0.01860145,2955,1083,109,12,1723,28,0,41.69,36.65,3.69,0.41,58.31,0.95,0
35037958602,Quay/DeBaca/Harding,,0.27,4,46,"2,716",0.01693667,2880,1251,13,61,1458,18,79,49.38,43.44,0.45,2.12,50.62,0.62,2.74
35037958900,Quay/DeBaca/Harding,,0.11,3,47,"2,749",0.01709713,2538,1845,0,41,600,17,35,76.36,72.7,0,1.62,23.64,0.67,1.38
35039000100,Rio Arriba,Espanola and Pueblos,0.27,4,15,"3,216",0.00466418,3037,171,0,19,2717,1,129,10.54,5.63,0,0.63,89.46,0.03,4.25
35039000200,Rio Arriba,Espanola and Pueblos,0.37,5,57,"3,627",0.01571547,3664,279,11,68,3282,20,4,10.43,7.61,0.3,1.86,89.57,0.55,0.11
35039000300,Rio Arriba,Espanola and Pueblos,0.22,4,46,"6,771",0.00679368,5834,576,51,0,5204,0,3,10.8,9.87,0.87,0,89.2,0,0.05
35039000400,Rio Arriba,North,0.22,4,34,"4,615",0.00736728,4159,586,0,85,3488,0,0,16.13,14.09,0,2.04,83.87,0,0
35039000500,Rio Arriba,North,0.26,4,28,"3,518",0.00795907,3662,882,3,142,2561,52,22,30.07,24.09,0.08,3.88,69.93,1.42,0.6
35039940700,Rio Arriba,Espanola and Pueblos,0.31,5,46,"3,343",0.0137601,3510,562,30,72,2748,60,38,21.71,16.01,0.85,2.05,78.29,1.71,1.09
35039940800,Rio Arriba,Espanola and Pueblos,0.2,3,45,"4,360",0.0103211,5247,1161,9,955,3054,6,62,41.8,22.13,0.17,18.2,58.2,0.11,1.18
35039941000,Rio Arriba,,0.29,4,249,"3,505",0.07104137,3653,162,13,2901,516,0,61,85.87,4.43,0.36,79.41,14.13,0,1.67
35039944100,Rio Arriba,Espanola and Pueblos,0.28,4,99,"6,162",0.01606621,6541,531,47,1352,4476,46,89,31.57,8.12,0.72,20.67,68.43,0.7,1.36
35041000100,Roosevelt,"Roosevelt County/Curry County, Other",0.3,5,227,"4,630",0.04902808,4512,2325,177,0,1681,39,290,62.74,51.53,3.92,0,37.26,0.86,6.43
35041000200,Roosevelt,"Roosevelt County/Curry County, Other",0.44,6,189,"3,647",0.05182342,3519,1294,0,25,2182,0,18,37.99,36.77,0,0.71,62.01,0,0.51
35041000300,Roosevelt/Curry,,0.15,3,121,"4,217",0.02869338,4330,2316,242,13,1603,28,128,62.98,53.49,5.59,0.3,37.02,0.65,2.96
35041000401,Roosevelt/Curry,,0.2,3,93,"3,246",0.02865065,3293,1745,17,16,1474,12,29,55.24,52.99,0.52,0.49,44.76,0.36,0.88
35041000402,Roosevelt/Curry,,0.18,3,99,"3,615",0.02738589,3463,2357,11,11,1001,0,83,71.09,68.06,0.32,0.32,28.91,0,2.4
35043010503,Sandoval,Bernalillo/Placitas,0.15,3,71,"3,785",0.01875826,3573,673,28,218,2619,0,35,26.7,18.84,0.78,6.1,73.3,0,0.98
35043010601,Sandoval,Corrales,0.07,2,42,"4,625",0.00908108,4883,3016,94,79,1568,105,21,67.89,61.77,1.93,1.62,32.11,2.15,0.43
35043010602,Sandoval,Corrales,0.03,1,32,"4,274",0.00748713,3661,2783,6,60,675,76,61,81.56,76.02,0.16,1.64,18.44,2.08,1.66
35043010702,Sandoval,"Rio Rancho Blvd, No.",0.1,3,99,"7,027",0.01408852,6809,3850,101,400,2264,74,120,66.75,56.54,1.48,5.87,33.25,1.09,1.76
35043010703,Sandoval,"Rio Rancho Blvd, No.",0.06,2,111,"9,312",0.0119201,9773,5052,186,356,3748,102,329,61.65,51.69,1.9,3.64,38.35,1.04,3.37
35043010705,Sandoval,Rio Rancho So.,0.1,2,83,"6,449",0.01287021,5097,2810,170,87,1883,17,130,63.06,55.13,3.34,1.71,36.94,0.33,2.55
35043010712,Sandoval,Rio Rancho So.,0.14,3,75,"5,670",0.01322751,5015,2695,148,184,1751,75,162,65.08,53.74,2.95,3.67,34.92,1.5,3.23
35043010713,Sandoval,Rio Rancho West,0.18,3,74,"5,968",0.01239946,5538,2404,168,126,2619,68,153,52.71,43.41,3.03,2.28,47.29,1.23,2.76
35043010714,Sandoval,"Rio Rancho Blvd, So.",0.16,3,59,"5,133",0.01149425,4737,2722,41,77,1686,99,112,64.41,57.46,0.87,1.63,35.59,2.09,2.36
35043010715,Sandoval,"Rio Rancho Blvd, So.",0.13,3,46,"3,867",0.01189553,3509,1911,146,110,1227,12,103,65.03,54.46,4.16,3.13,34.97,0.34,2.94
35043010716,Sandoval,"Rio Rancho Blvd, So.",0.14,3,141,"6,268",0.02249521,6253,3624,70,219,2022,144,174,67.66,57.96,1.12,3.5,32.34,2.3,2.78
35043010717,Sandoval,"Rio Rancho Blvd, No.",0.1,2,201,"9,986",0.02012818,9158,4327,67,30,4140,337,257,54.79,47.25,0.73,0.33,45.21,3.68,2.81
35043010718,Sandoval,"Rio Rancho Blvd, No.",0.08,2,109,"5,442",0.0200294,6990,3587,175,85,2939,31,173,57.95,51.32,2.5,1.22,42.05,0.44,2.48
35043010719,Sandoval,Rio Rancho So.,0.14,3,45,"4,216",0.01067362,4070,1861,33,78,1981,28,89,51.33,45.72,0.81,1.92,48.67,0.69,2.19
35043010720,Sandoval,Rio Rancho So.,0.05,1,160,"8,616",0.0185701,9831,3996,301,57,4544,310,623,53.78,40.65,3.06,0.58,46.22,3.15,6.34
35043010721,Sandoval,Rio Rancho West,0.14,3,63,"4,845",0.0130031,4384,1893,245,92,1963,21,170,55.22,43.18,5.59,2.1,44.78,0.48,3.88
35043010722,Sandoval,Rio Rancho West,0.12,3,132,"5,639",0.02340841,6107,2802,159,131,2913,40,62,52.3,45.88,2.6,2.15,47.7,0.65,1.02
35043010723,Sandoval,Rio Rancho West,0.15,3,162,"11,130",0.01455526,12003,5421,693,266,5319,122,182,55.69,45.16,5.77,2.22,44.31,1.02,1.51
35043010900,Sandoval,Other West,0.3,5,258,"2,575",0.10019418,2507,433,13,735,1326,0,0,47.11,17.27,0.52,29.32,52.89,0,0
35043011000,Sandoval,,0.2,3,52,"2,167",0.02399631,1934,469,21,823,580,6,35,70.01,24.25,1.09,42.55,29.99,0.31,1.81
35043011100,Sandoval,Bernalillo/Placitas,0.13,3,48,"7,350",0.00653061,6251,3731,0,1181,1141,28,170,81.75,59.69,0,18.89,18.25,0.45,2.72
35043011200,Sandoval,,0.19,3,123,"2,977",0.04131676,2723,888,12,1184,572,37,30,78.99,32.61,0.44,43.48,21.01,1.36,1.1
35043940200,Sandoval,Other East,0.35,5,283,"4,009",0.07059117,3407,88,4,2960,355,0,0,89.58,2.58,0.12,86.88,10.42,0,0
35043940300,Los Alamos County,,,,,,,0,0,0,0,0,0,0,,,,,,,0
35043940500,Sandoval,Bernalillo/Placitas,0.24,4,105,"4,766",0.02203105,4303,550,13,189,3503,0,48,18.59,12.78,0.3,4.39,81.41,0,1.12
35043940600,Sandoval,,0.26,4,31,"2,039",0.01520353,2049,5,0,2010,15,0,19,99.27,0.24,0,98.1,0.73,0,0.93
35043940700,Sandoval,,0.24,4,313,"4,095",0.07643468,3544,311,0,2597,600,0,36,83.07,8.78,0,73.28,16.93,0,1.02
35043940900,Sandoval,Other West,0.68,6,56,"2,921",0.01917152,2660,18,0,2545,85,0,12,96.8,0.68,0,95.68,3.2,0,0.45
35045000100,San Juan,Farmington Southeast,0.31,5,117,"5,106",0.02291422,4877,1720,0,1601,1477,11,68,69.71,35.27,0,32.83,30.29,0.23,1.39
35045000201,San Juan,Farmington North,0.08,2,60,"4,272",0.01404494,4122,2710,69,118,1057,52,116,74.36,65.74,1.67,2.86,25.64,1.26,2.82
35045000202,San Juan,,0.06,2,145,"4,892",0.02964023,5181,3386,23,624,896,89,163,82.71,65.35,0.44,12.04,17.29,1.72,3.14
35045000204,San Juan,Farmington North,0.12,3,45,"2,232",0.02016129,2040,1065,0,355,585,3,32,71.32,52.21,0,17.4,28.68,0.15,1.57
35045000205,San Juan,Farmington Southeast,0.34,5,182,"6,723",0.02707125,6217,2699,0,1915,1394,117,92,77.58,43.41,0,30.8,22.42,1.88,1.48
35045000301,San Juan,Farmington North,0.15,3,85,"5,128",0.01657566,5009,2452,148,1000,1126,127,156,77.52,48.95,2.95,19.96,22.48,2.54,3.12
35045000302,San Juan,Farmington Southeast,0.19,3,69,"3,350",0.02059702,3491,2101,8,702,499,22,159,85.71,60.18,0.23,20.11,14.29,0.63,4.55
35045000401,San Juan,Farmington West/Kirtland/La Plata,0.2,3,122,"5,260",0.02319392,4958,2471,171,1054,1074,49,139,78.34,49.84,3.45,21.26,21.66,0.99,2.8
35045000402,San Juan,,0.22,4,242,"3,611",0.06701745,3797,1244,34,1567,794,11,147,79.09,32.76,0.9,41.27,20.91,0.29,3.87
35045000503,San Juan,,0.14,3,147,"3,197",0.04598061,3151,529,0,1625,843,35,119,73.25,16.79,0,51.57,26.75,1.11,3.77
35045000504,San Juan,,0.17,3,123,"2,037",0.06038292,1981,776,104,887,183,0,31,90.76,39.17,5.25,44.78,9.24,0,1.56
35045000505,San Juan,,0.16,3,438,"7,529",0.05817506,6170,2273,12,3102,617,76,90,90,36.84,0.19,50.28,10,1.23,1.46
35045000607,San Juan,,0.16,3,362,"3,636",0.09955996,4562,1317,33,1832,1286,0,94,71.81,28.87,0.72,40.16,28.19,0,2.06
35045000608,San Juan,North/Aztec,0.16,3,95,"6,107",0.01555592,6502,3842,0,1371,1158,29,102,82.19,59.09,0,21.09,17.81,0.45,1.57
35045000609,San Juan,North/Aztec,0.16,3,14,"1,274",0.01098901,1385,1020,0,20,307,10,28,77.83,73.65,0,1.44,22.17,0.72,2.03
35045000610,San Juan,North/Aztec,0.22,4,42,"4,412",0.00951949,4299,2206,13,940,1030,9,101,76.04,51.31,0.3,21.87,23.96,0.21,2.35
35045000611,San Juan,North/Aztec,0.04,1,20,"3,424",0.00584112,3570,3036,0,111,406,9,8,88.63,85.04,0,3.11,11.37,0.25,0.22
35045000612,San Juan,North/Aztec,0.11,3,107,"1,974",0.05420466,2240,1303,0,165,750,9,13,66.52,58.17,0,7.37,33.48,0.4,0.58
35045000613,San Juan,North/Aztec,0.11,3,51,"4,074",0.01251841,3979,2902,0,200,822,17,38,79.34,72.93,0,5.03,20.66,0.43,0.96
35045000702,San Juan,South,0.11,3,6,"1,143",0.00524934,1370,869,0,40,445,16,0,67.52,63.43,0,2.92,32.48,1.17,0
35045000705,San Juan,Northeast/Bloomfield,0.27,4,67,"3,790",0.0176781,4102,1710,26,697,1557,8,104,62.04,41.69,0.63,16.99,37.96,0.2,2.54
35045000706,San Juan,Northeast/Bloomfield,0.34,5,33,"3,153",0.01046622,2908,1164,0,63,1650,0,31,43.26,40.03,0,2.17,56.74,0,1.07
35045000707,San Juan,Northeast/Bloomfield,0.12,3,79,"4,261",0.01854025,4042,1342,0,1159,1445,40,56,64.25,33.2,0,28.67,35.75,0.99,1.39
35045000708,San Juan,Northeast/Bloomfield,0.25,4,87,"4,530",0.0192053,4710,1790,17,791,2061,0,51,56.24,38,0.36,16.79,43.76,0,1.08
35045000900,San Juan,South,0.09,2,24,"1,973",0.01216422,2287,1018,0,189,1037,3,40,54.66,44.51,0,8.26,45.34,0.13,1.75
35045942801,San Juan,West,0.3,4,10,"2,717",0.00368053,2705,22,0,2640,33,2,8,98.78,0.81,0,97.6,1.22,0.07,0.3
35045942802,San Juan,,0.26,4,868,"6,142",0.14132205,6751,86,12,6456,134,11,52,98.02,1.27,0.18,95.63,1.98,0.16,0.77
35045942803,San Juan,West,0.4,6,15,"2,625",0.00571429,2745,62,10,2626,6,38,3,99.78,2.26,0.36,95.66,0.22,1.38,0.11
35045942900,San Juan,West,0.41,6,237,"4,971",0.04767652,4475,27,16,4282,65,40,45,98.55,0.6,0.36,95.69,1.45,0.89,1.01
35045943000,San Juan,,0.29,4,210,"4,796",0.04378649,4573,51,8,4358,106,0,50,97.68,1.12,0.17,95.3,2.32,0,1.09
35045943100,San Juan,South,0.29,4,7,"1,816",0.00385463,1795,36,0,1664,33,2,60,98.16,2.01,0,92.7,1.84,0.11,3.34
35045943201,San Juan,South,0.36,5,130,"5,685",0.02286719,5324,748,8,4094,383,0,91,92.81,14.05,0.15,76.9,7.19,0,1.71
35045943300,San Juan,Farmington West/Kirtland/La Plata,0.23,4,38,"2,204",0.01724138,2137,1357,0,344,360,6,70,83.15,63.5,0,16.1,16.85,0.28,3.28
35047957200,San Miguel,Las Vegas,0.32,5,20,"3,651",0.00547795,3890,459,7,12,3401,0,11,12.57,11.8,0.18,0.31,87.43,0,0.28
35047957300,San Miguel,Las Vegas,0.41,6,26,"3,093",0.00840608,2742,694,137,69,1681,104,57,38.69,25.31,5,2.52,61.31,3.79,2.08
35047957400,San Miguel,Las Vegas,0.33,5,37,"4,351",0.00850379,4464,565,26,45,3810,16,2,14.65,12.66,0.58,1.01,85.35,0.36,0.04
35047957500,Mora/Guadalupe/San Miguel East,,0.17,3,37,"4,145",0.00892642,4363,1036,75,58,3117,47,30,28.56,23.75,1.72,1.33,71.44,1.08,0.69
35047957600,San Miguel,Pecos/Villanueva,0.19,3,62,"6,219",0.00996945,6565,1332,43,21,4883,0,286,25.62,20.29,0.65,0.32,74.38,0,4.36
35047957700,San Miguel,N/A,0.33,5,28,"2,290",0.01222707,1873,229,0,6,1638,0,0,12.55,12.23,0,0.32,87.45,0,0
35047957800,San Miguel,Las Vegas,0.35,5,56,"4,281",0.01308106,4137,714,8,74,3227,114,0,22,17.26,0.19,1.79,78,2.76,0
35049000101,Santa Fe,Opera Vicinity,0.06,2,27,"3,956",0.00682508,4025,3126,42,0,774,33,50,80.77,77.66,1.04,0,19.23,0.82,1.24
35049000200,Santa Fe,Opera Vicinity,0.1,2,28,"3,613",0.00774979,3719,2735,44,21,887,26,6,76.15,73.54,1.18,0.56,23.85,0.7,0.16
35049000300,Santa Fe,Agua Fria Neighborhood + Downtown,0.16,3,14,"1,482",0.00944669,1643,1020,4,0,580,39,0,64.7,62.08,0.24,0,35.3,2.37,0
35049000400,Santa Fe,Agua Fria Neighborhood & Downtown,0.08,2,21,282,0.07446809,295,244,0,0,48,0,3,83.73,82.71,0,0,16.27,0,1.02
35049000500,Santa Fe,Agua Fria Neighborhood + Downtown,0.09,2,16,"2,331",0.00686401,1907,1501,9,3,329,60,5,82.75,78.71,0.47,0.16,17.25,3.15,0.26
35049000600,Santa Fe,Agua Fria Neighborhood + Downtown,0.07,2,23,"2,110",0.01090047,2140,1425,0,41,628,25,21,70.65,66.59,0,1.92,29.35,1.17,0.98
35049000700,Santa Fe,Agua Fria Neighborhood + Downtown,0.15,3,22,"2,163",0.01017106,1787,896,40,20,711,36,84,60.21,50.14,2.24,1.12,39.79,2.01,4.7
35049000800,Santa Fe,Agua Fria Neighborhood + Downtown,0.26,4,24,"3,085",0.00777958,3130,1258,30,45,1575,12,210,49.68,40.19,0.96,1.44,50.32,0.38,6.71
35049000900,Santa Fe,Agua Fria Neighborhood + Downtown,0.13,3,62,"3,673",0.01687994,3455,1403,0,148,1863,11,30,46.08,40.61,0,4.28,53.92,0.32,0.87
35049001001,Santa Fe,Agua Fria Neighborhood + Downtown,0.14,3,38,"1,924",0.01975052,2050,1175,20,112,707,10,26,65.51,57.32,0.98,5.46,34.49,0.49,1.26
35049001002,Santa Fe,Agua Fria Neighborhood + Downtown,0.23,4,81,"3,637",0.0222711,3652,1092,44,61,2380,44,31,34.83,29.9,1.2,1.67,65.17,1.2,0.85
35049001102,Santa Fe,Agua Fria Village,0.12,3,56,"3,289",0.01702645,3347,1880,6,81,1184,86,110,64.63,56.17,0.18,2.42,35.37,2.57,3.29
35049001103,Santa Fe,Bellamah/Stamm,0.19,3,38,"1,967",0.01931876,1686,667,32,103,868,4,12,48.52,39.56,1.9,6.11,51.48,0.24,0.71
35049001105,Santa Fe,Bellamah/Stamm,0.11,3,27,"2,528",0.01068038,2450,997,107,121,1111,34,80,54.65,40.69,4.37,4.94,45.35,1.39,3.26
35049001106,Santa Fe,Bellamah/Stamm,0.24,4,125,"2,689",0.04648568,2976,929,0,40,1905,17,85,35.99,31.22,0,1.34,64.01,0.57,2.86
35049001107,Santa Fe,Bellamah/Stamm,0.07,2,130,"5,303",0.02451443,4840,1863,0,36,2872,0,69,40.66,38.49,0,0.74,59.34,0,1.43
35049001202,Santa Fe,Agua Fria Village,0.09,2,224,"5,401",0.0414738,6219,1040,55,7,4923,194,0,20.84,16.72,0.88,0.11,79.16,3.12,0
35049001203,Santa Fe,Agua Fria Village,0.19,3,162,"3,031",0.05344771,2946,585,0,72,2244,12,33,23.83,19.86,0,2.44,76.17,0.41,1.12
35049001204,Santa Fe,Agua Fria Village,0.18,3,319,"6,110",0.05220949,6581,698,0,56,5812,0,15,11.69,10.61,0,0.85,88.31,0,0.23
35049001205,Santa Fe,Airport Road,0.17,3,342,"5,652",0.06050955,5477,690,11,10,4735,7,24,13.55,12.6,0.2,0.18,86.45,0.13,0.44
35049001301,Santa Fe,Airport Road,0.06,2,19,"1,746",0.01088202,1748,540,10,93,1039,32,34,40.56,30.89,0.57,5.32,59.44,1.83,1.95
35049001302,Santa Fe,Airport Road,0.17,3,116,"3,038",0.03818302,2554,432,226,49,1800,25,22,29.52,16.91,8.85,1.92,70.48,0.98,0.86
35049001303,Santa Fe,Airport Road,0.13,3,225,"7,510",0.02996005,7419,1821,151,33,5187,50,177,30.08,24.55,2.04,0.44,69.92,0.67,2.38
35049001304,Santa Fe,Airport Road,0.25,4,31,961,0.03225807,912,118,6,48,740,0,0,18.86,12.94,0.66,5.26,81.14,0,0
35049010102,Santa Fe,Pueblos Plus,0.21,4,55,"5,014",0.01096929,4186,576,0,136,3474,0,0,17.01,13.76,0,3.25,82.99,0,0
35049010203,Santa Fe,Pueblos Plus,0.18,3,2,"1,317",0.0015186,1023,624,6,20,282,0,91,72.43,61,0.59,1.96,27.57,0,8.9
35049010204,Santa Fe,Pueblos Plus,0.04,1,21,"2,205",0.00952381,2159,1703,0,51,365,8,32,83.09,78.88,0,2.36,16.91,0.37,1.48
35049010304,Santa Fe,Opera Vicinity,0.03,1,70,"3,864",0.01811594,3875,1820,30,50,1927,24,24,50.27,46.97,0.77,1.29,49.73,0.62,0.62
35049010308,Santa Fe,South,0.26,4,46,"2,447",0.01879853,2592,576,4,16,1996,0,0,22.99,22.22,0.15,0.62,77.01,0,0
35049010309,Santa Fe,South,0.1,2,6,"1,824",0.00328947,1952,1494,0,6,376,38,38,80.74,76.54,0,0.31,19.26,1.95,1.94
35049010310,Santa Fe,South,0.1,2,18,"1,345",0.0133829,1349,890,0,31,385,0,43,71.46,65.97,0,2.3,28.54,0,3.19
35049010311,Santa Fe,South,0.04,1,28,"4,380",0.00639269,4416,3423,9,29,794,0,161,82.02,77.51,0.2,0.66,17.98,0,3.65
35049010312,Santa Fe,South,0.15,3,37,"4,714",0.00784896,4592,3158,0,0,1383,23,28,69.88,68.77,0,0,30.12,0.5,0.61
35049010314,Santa Fe,Bellamah/Stamm,0.1,3,40,"1,690",0.02366864,2123,812,4,0,1261,8,38,40.6,38.25,0.19,0,59.4,0.38,1.79
35049010315,Santa Fe,Bellamah/Stamm,0.08,2,27,"2,668",0.01011994,2446,1327,14,0,970,49,86,60.34,54.25,0.57,0,39.66,2,3.52
35049010316,Santa Fe,Bellamah/Stamm,0.07,2,27,"1,617",0.01669759,1478,798,14,0,616,16,34,58.32,53.99,0.95,0,41.68,1.08,2.3
35049010400,Santa Fe,East Foothills + Eldorado,0.04,1,24,"3,126",0.00767754,3261,2521,25,48,556,98,13,82.95,77.31,0.77,1.47,17.05,3.01,0.4
35049010500,Santa Fe,East Foothills + Eldorado,0.06,2,16,"1,821",0.00878638,1788,1286,0,7,484,11,0,72.93,71.92,0,0.39,27.07,0.62,0
35049010601,Santa Fe,East Foothills + Eldorado,0.07,2,104,"4,839",0.02149204,5841,2209,26,104,2937,536,29,49.72,37.82,0.45,1.78,50.28,9.18,0.5
35049010602,Santa Fe,East Foothills + Eldorado,0.07,2,4,"3,189",0.00125431,3143,2602,0,95,357,33,56,88.64,82.79,0,3.02,11.36,1.05,1.78
35049010603,Santa Fe,East Foothills + Eldorado,0.12,3,35,"2,447",0.01430323,2112,1071,0,43,961,0,37,54.5,50.71,0,2.04,45.5,0,1.75
35049010700,Santa Fe,East Foothills + Eldorado,0.07,2,37,"5,434",0.00680898,5277,3940,138,0,1030,86,83,80.48,74.66,2.62,0,19.52,1.63,1.57
35049010800,Santa Fe,East Foothills + Eldorado,0.09,2,31,"2,885",0.01074523,3042,1334,11,0,1686,11,0,44.58,43.85,0.36,0,55.42,0.36,0
35049010900,Santa Fe,Opera Vicinity,0.09,2,63,"2,886",0.02182952,3196,1318,46,26,1736,24,46,45.68,41.24,1.44,0.81,54.32,0.75,1.44
35049940300,Santa Fe,Pueblos Plus,0.14,3,9,"1,843",0.00488334,1881,243,11,675,937,9,6,50.19,12.92,0.58,35.89,49.81,0.48,0.32
35049940400,Santa Fe,Pueblos Plus,0.17,3,26,"1,475",0.01762712,1468,433,0,406,590,30,9,59.81,29.5,0,27.66,40.19,2.04,0.61
35049940500,Santa Fe,Pueblos Plus,0.19,3,9,"1,671",0.005386,1613,260,4,315,1002,0,32,37.88,16.12,0.25,19.53,62.12,0,1.99
35049940600,Santa Fe,Pueblos Plus,0.13,3,106,"3,435",0.03085881,3333,679,18,350,2226,8,52,33.21,20.37,0.54,10.5,66.79,0.24,1.56
35049940900,Santa Fe,Pueblos Plus,0.33,5,72,"3,237",0.02224282,2936,246,46,36,2534,49,25,13.69,8.38,1.57,1.23,86.31,1.67,0.85
35049980000,Santa Fe County,State Pen,,,97,959,0.10114703,877,149,40,45,637,0,6,27.37,16.99,4.56,5.13,72.63,0,0.68
35051962200,Sierra,N/A,0.35,5,51,"3,180",0.01603774,3156,2003,8,85,987,46,27,68.73,63.47,0.25,2.69,31.27,1.46,0.85
35051962300,Sierra/Catron,,0.28,4,54,"3,167",0.01705084,3258,2296,57,19,764,24,98,76.55,70.47,1.75,0.58,23.45,0.74,3.01
35051962401,Sierra/Catron,,0.09,2,20,"2,290",0.00873362,2170,1777,0,0,393,0,0,81.89,81.89,0,0,18.11,0,0
35051962402,Sierra/Catron,,0.23,4,61,"2,482",0.02457695,2551,1170,0,0,1225,0,156,51.98,45.86,0,0,48.02,0,6.11
35053940000,Socorro,N/A,0.67,6,93,"1,444",0.06440443,1085,7,0,1053,25,0,0,97.7,0.65,0,97.05,2.3,0,0
35053978100,Socorro,,0.22,4,40,"4,194",0.00953743,4964,1630,0,14,2886,87,347,41.86,32.84,0,0.28,58.14,1.75,6.99
35053978200,Socorro,,0.18,3,147,"1,660",0.08855422,1180,736,0,22,402,0,20,65.93,62.37,0,1.86,34.07,0,1.69
35053978301,Socorro,,0.28,4,24,"2,798",0.00857756,3238,852,0,135,1985,182,84,38.7,26.31,0,4.17,61.3,5.62,2.59
35053978302,Socorro,N/A,0.32,5,36,"3,459",0.01040763,2918,1349,60,66,1097,233,113,62.41,46.23,2.06,2.26,37.59,7.98,3.87
35053978303,Socorro,N/A,0.31,5,66,"3,553",0.01857585,3615,1321,0,244,2050,0,0,43.29,36.54,0,6.75,56.71,0,0
35055940000,Taos,Downtown and High Road,0.25,4,26,"1,913",0.01359122,2216,121,0,317,1750,3,25,21.03,5.46,0,14.31,78.97,0.14,1.14
35055940100,Taos,Downtown and High Road,0.17,3,170,"7,707",0.02205787,9421,3364,40,1388,4447,28,154,52.8,35.71,0.42,14.73,47.2,0.3,1.63
35055952100,Taos,Northwest,0.12,3,59,"6,350",0.00929134,4816,2137,0,33,2637,0,9,45.25,44.37,0,0.69,54.75,0,0.19
35055952300,Taos,Northwest,0.38,5,7,"2,922",0.00239562,2521,1290,0,3,1228,0,0,51.29,51.17,0,0.12,48.71,0,0
35055952600,Taos,Downtown and High Road,0.17,3,48,"7,871",0.00609834,8009,2572,1,385,4941,22,88,38.31,32.11,0.01,4.81,61.69,0.27,1.1
35055952700,Taos,Downtown and High Road,0.22,4,144,"6,144",0.0234375,5905,2082,30,58,3735,0,0,36.75,35.26,0.51,0.98,63.25,0,0
35057963201,Torrance,,0.23,4,41,"3,970",0.01032746,3630,2023,146,0,1355,0,106,62.67,55.73,4.02,0,37.33,0,2.92
35057963202,Torrance,,0.23,4,53,"3,047",0.01739416,3609,1425,82,110,1842,31,119,48.96,39.48,2.27,3.05,51.04,0.86,3.3
35057963600,Torrance,,0.29,4,122,"6,587",0.01852133,6474,3587,39,42,2631,0,175,59.36,55.41,0.6,0.65,40.64,0,2.71
35057963700,Torrance,,0.27,4,14,"2,207",0.00634345,1882,981,6,11,851,26,7,54.78,52.13,0.32,0.58,45.22,1.38,0.37
35059950200,Colfax/Union,,0.14,3,67,"4,163",0.01609416,4175,2143,82,72,1746,2,130,58.18,51.33,1.96,1.72,41.82,0.05,3.11
35061940300,Valencia,NE,0.26,4,26,834,0.03117506,1058,29,0,927,97,0,5,90.83,2.74,0,87.62,9.17,0,0.47
35061970101,Valencia,NE,0.38,5,130,"4,755",0.02733964,4253,946,0,17,3175,0,115,25.35,22.24,0,0.4,74.65,0,2.7
35061970102,Valencia,NE,0.17,3,91,"6,537",0.01392076,6500,2604,0,0,3701,131,64,43.06,40.06,0,0,56.94,2.02,0.98
35061970200,Valencia,NE,0.1,3,52,"3,789",0.01372394,3827,1960,11,142,1614,50,50,57.83,51.22,0.29,3.71,42.17,1.31,1.31
35061970301,Valencia,SE,0.36,5,265,"7,474",0.03545625,7072,1198,0,173,5636,0,65,20.31,16.94,0,2.45,79.69,0,0.92
35061970302,Valencia,SE,0.17,3,56,"2,787",0.02009329,2778,933,63,7,1698,20,57,38.88,33.59,2.27,0.25,61.12,0.72,2.05
35061970303,Valencia,SE,0.13,3,108,"6,452",0.016739,6486,2287,0,53,4098,0,48,36.82,35.26,0,0.82,63.18,0,0.74
35061970401,Valencia,Los Lunas,0.1,2,99,"5,088",0.01945755,5044,1342,150,146,3249,8,149,35.59,26.61,2.97,2.89,64.41,0.16,2.95
35061970404,Valencia,Los Lunas,0.17,3,101,"4,842",0.02085915,4654,1661,51,40,2804,5,93,39.75,35.69,1.1,0.86,60.25,0.11,2
35061970405,Valencia,Los Lunas,0.11,3,88,"3,030",0.0290429,3819,1727,211,0,1719,40,122,54.99,45.22,5.53,0,45.01,1.05,3.19
35061970700,Valencia,West and Belen,0.15,3,279,"6,768",0.0412234,7136,2569,60,331,3975,0,201,44.3,36,0.84,4.64,55.7,0,2.81
35061970800,Valencia,West and Belen,0.23,4,83,"4,991",0.01662993,5760,1343,18,489,3856,54,0,33.06,23.32,0.31,8.49,66.94,0.94,0
35061970901,Valencia,West and Belen,0.2,4,110,"4,602",0.02390265,4962,1240,0,225,3398,7,92,31.52,24.99,0,4.53,68.48,0.14,1.85
35061970902,Valencia,West and Belen,0.17,3,29,"2,633",0.01101405,1856,636,37,0,1183,0,0,36.26,34.27,1.99,0,63.74,0,0
35061971000,Valencia,SE,0.19,3,82,"4,597",0.01783772,4587,2044,32,149,2362,0,0,48.51,44.56,0.7,3.25,51.49,0,0
35061971100,Valencia,SE,0.3,4,28,"1,575",0.01777778,1328,544,0,0,784,0,0,40.96,40.96,0,0,59.04,0,0
35061971300,Valencia,West and Belen,0.23,4,46,"2,026",0.02270484,1712,837,25,41,775,0,34,54.73,48.89,1.46,2.39,45.27,0,1.99
35061971400,Valencia,Los Lunas,0.12,3,55,"3,286",0.01673768,3124,1166,46,93,1719,57,43,44.97,37.32,1.47,2.98,55.03,1.82,1.38